"V1","V2","user"
1.0887474106789,14.9008804087534,"1004503276518137856"
-6.76036520792479,-17.7916414361076,"1007192254505598976"
3.16711908154076,0.422395382545461,"1008075419755667456"
17.0541501164009,-0.872184393840202,"1011429920931643392"
27.9814957710542,-3.18650580500805,"10119272"
-32.0598808177086,7.57557678199006,"1014049190593290240"
32.3526023901822,-6.57888296314673,"1014061879000330240"
-11.951986791537,-8.33233700669882,"1014769285028200448"
30.7888180728362,-7.30255274744733,"101636478"
-23.0180384259727,-6.29011689887391,"1016607934913089537"
20.0572969442498,0.155040366391098,"1022236612808208384"
11.1766235500733,-19.318505908448,"102271389"
-22.638404595952,11.256024357985,"1023497524072644614"
-12.3024329075579,1.92468096777579,"102604755"
13.9019282690073,1.1271301202774,"1027942309"
10.1830292102137,4.52119349641131,"102894757"
-1.19035677918747,-1.44881213479607,"1032068116820287488"
-25.6107155273447,-11.1295969024877,"103516223"
2.22547992910814,-3.55190066965773,"1036117723300818944"
10.8705435815402,-5.94261876819381,"1036536822396928000"
-7.72495329978227,5.10636462451684,"1036880455440588802"
-1.33815063138382,2.53301606281835,"1037820482"
20.4157971219539,-3.53675807834231,"1044810131421233152"
-0.522446671599543,15.82912062239,"10454332"
12.6134424915611,4.75926305265887,"1048787252447346689"
21.5932006425406,0.162594533736655,"1054622836814299136"
-11.7405742123668,0.22117080536954,"1054998912342388736"
20.4600060227633,-7.91450881531907,"1055571692750159872"
24.4355682469477,1.80416749119214,"1057389751563481088"
-21.3617646511488,5.77687163691839,"1058849785"
29.2139270708823,13.29970554217,"1058941568038498304"
-10.1506632054159,-6.57909478717202,"1062883773082034182"
-6.91138061329902,9.80457236695098,"1068303691533344768"
-12.5907118829974,-0.179665794087737,"1069083118563483648"
-1.67447424402453,6.52959044921696,"107345085"
12.1398484915826,5.71304835105366,"107587891"
-5.5171647988846,2.93910825843867,"1080233756802265088"
-8.83300836358865,24.5611538639765,"1085267779639537664"
-14.9960682235197,1.33103269077062,"1085639564855627776"
1.81796622495853,-4.59076592995626,"1088448157"
-31.8027212809753,-0.805008577827649,"108881273"
-19.9625354085469,-15.2075291463861,"109323518"
-22.4086198484391,-5.97902011453192,"1093628184"
16.8381068956249,-0.537833713012061,"1099996675764977664"
16.2171705225488,-1.07933698349065,"1100202071234494465"
-27.8463103882922,-0.317342320823534,"1101907598998159361"
-20.7506271767551,-4.92576908934595,"1104845784653029376"
14.0834442171304,5.79172357651345,"1106457450654228481"
-6.49620239553557,-2.13900823604978,"1106462481759662080"
-2.9868276818262,2.77604743358659,"1106505216709414912"
8.6187071939674,7.87002509628418,"11073952"
-1.94580510256658,1.19993660541486,"1108256782491619328"
-1.38964379979671,0.521315342045657,"1108561417978806272"
20.6694424712859,8.50269860262308,"1108622630989361152"
-16.9369579219426,0.941733107124942,"1108627423"
-11.8203061179288,1.78373173155888,"1113560529266548736"
10.671478321907,-5.93146548482551,"1114086427808002048"
-13.6045503158879,-1.93097430953056,"1115956142721597440"
-5.12003298579779,11.4767346272943,"11175282"
-2.23181452236238,-2.97948312077827,"1118686711"
-15.5163324687494,0.240703210566941,"1125430448576876544"
-12.2187046611029,3.15719806745966,"1132335834"
-23.7432609751574,-5.19173916012747,"1132956748661190656"
16.1646524751541,0.227648112865256,"1133521516056834048"
-1.88390724049005,-6.65268633872448,"113543497"
32.4046822478812,-10.693760828197,"113799543"
20.2681574382955,-10.5761904519579,"1141220011140239360"
13.0404630133644,-10.3046261965603,"1143072372980772864"
-7.2979787630223,-0.107626390619486,"1143087874323038208"
-16.1059636317482,-7.3261127726859,"1144605770467696642"
10.3576598722739,-2.69626978335441,"114463040"
25.9468669053114,3.55593664769596,"114551597"
3.44574664315636,17.4620960062321,"114680232"
-4.08653912787417,-3.87709288210957,"1146983815"
-12.6260261542001,0.442619052180928,"1149295118480007168"
2.88183261973195,-11.8041425651756,"1152797330669592576"
-0.524096100149735,-2.35983079411429,"1157602280260063232"
-0.517419093474458,0.185467900781678,"1158500631021117446"
-1.40615332699597,1.69538095664741,"1158800582888443904"
-5.82003249545224,0.291031064905746,"1165053631"
-26.4434552749135,-4.89922779264917,"1168003974"
22.4616315579647,-0.111566476609437,"1169013724600045569"
-8.83100648325826,24.5681755086073,"1169696969503039489"
18.5299192842598,7.80926150985228,"1170131172"
15.0563966417317,-0.896976546288341,"1171620144"
10.9945055800384,-18.6787635388655,"1171678435845869569"
-29.8956953811988,-1.02084599299446,"117205672"
20.9372837786094,-0.187526583796931,"1177386038571880449"
-13.7190969622261,3.67221227059857,"1191627853399576576"
-33.8225899365494,3.58088821760651,"119282289"
-7.65112635404721,5.64864142783001,"119306257"
-20.0924307462497,-5.29250261771081,"1194617485"
9.12571009035532,-8.8184393340743,"11999902"
10.6221997240402,-20.201309812869,"1210578109"
7.72930305219829,2.93823406712558,"1214378029"
-16.8719940131927,-19.8758078483798,"12160482"
-10.3795589615952,4.33219248811276,"12261572"
-13.4159465554157,0.997278248225848,"122854842"
-29.4945661396278,-5.5408814316899,"123055036"
-19.5670933895001,1.86113204370239,"12306"
12.0972959225152,-15.8169811860499,"1243481348"
-13.3100736722701,2.96495283833836,"1245381091"
23.5689429167689,3.75988585673755,"124706520"
-12.5943728495694,14.5990681248671,"12483732"
-27.0828637236664,0.5016081658714,"1254834595"
30.9297319921742,0.148624567629302,"126159744"
-10.6945052957799,1.34756930490067,"1261712899"
24.5016132286372,-8.26735613214706,"1263401370"
-10.3353416095681,2.81925136907455,"1265286588"
10.2949817411968,-4.31918979137976,"1266583591"
-31.2667820406881,1.08260403014453,"126689562"
-25.0451712681147,0.0438013682853248,"127800555"
2.76229652565282,-13.5343450539786,"1283715992"
33.7399613015386,-7.61997586511228,"1285191396"
-19.2844839030205,10.0613348276722,"1289961704"
23.6453228670519,-7.66896683596566,"129130805"
10.8583297359092,10.7916516374866,"131146812"
34.1684458134287,-5.5354632919145,"1321717740"
-4.54332862518626,-2.82010318149005,"133482313"
-5.21505409273684,12.6176438303672,"13372872"
-13.0395142801073,0.960119062918136,"133733066"
23.0378171911855,0.486948225303531,"13412622"
7.30927677106432,1.19378282842025,"13420792"
-22.6111255026126,-4.15354712526961,"134548180"
-9.31550296788128,-1.1791828261911,"13488382"
17.6600552890845,14.4511980318164,"135065698"
-0.0818511803888875,4.4764644146267,"135803049"
10.8586375628264,-7.95292605964792,"1360195334"
-6.08853662404066,-18.9212005610566,"136532538"
-2.35286146884687,4.69340185764241,"136743228"
-28.3936927138331,-4.83551893574512,"1376981"
31.4094843111206,-2.54801503803423,"139518412"
-20.1065022104133,3.66120939613788,"140154190"
13.5216826125418,-13.2296568476012,"14044932"
-25.8852498555895,8.82107778286462,"14048901"
-23.2247979961028,11.5580849895872,"14052038"
-33.2285611100466,-0.806347183589923,"14107395"
-35.1621081674307,0.676842134019625,"1411105375"
-28.6702596551875,-1.41464798950342,"14130929"
-16.7846540620936,5.49462675395857,"1414106382"
7.06309541500864,10.2246774769839,"14141385"
-12.0959824863269,10.2698151098266,"1418775740"
3.20847659570931,-12.412318581448,"14189315"
8.64573197879253,-4.39083887431274,"1419680599"
4.09719679928266,-11.3773235943947,"142109657"
16.3848779704694,-16.865006451389,"1433246138"
-37.9269522443924,-3.62249489873691,"14351134"
-7.78125865292211,-15.4031515237219,"143761668"
-3.63980286403391,6.96113855574329,"14431080"
-1.46027159865848,11.2384445933677,"14441863"
-30.6293411585624,3.22834148597967,"144498030"
27.9977116107053,1.62127874125727,"14450533"
-1.12751459630558,-8.2328893858115,"14454969"
2.29965629283595,13.5262382339692,"14489394"
-31.6062931611094,-8.14742009970109,"14534523"
-5.0088964017919,4.79252608502451,"14635385"
-5.31193047545559,16.6249021053653,"14684519"
-25.3469448075274,-11.1391240398672,"147121342"
-25.780407522622,4.64542555442343,"1471341"
22.4618635478615,7.42765956648654,"147406561"
9.94227302027469,-10.9636361965353,"14773632"
-18.7366922620245,4.47574061928637,"14806596"
-22.0381877650691,0.247164468200436,"14814061"
-4.60193567454233,12.3415924908777,"1481500988"
26.6822888030859,8.44893051141937,"14838951"
-14.4403951167347,-13.2628319324268,"14841472"
6.69968549632556,-8.60693151250946,"14851463"
-31.624138252527,-8.15192718457711,"14870565"
-38.9756814852254,0.584818726600381,"148779346"
-31.7612438913369,0.549169336834964,"1493169601"
-11.7726440461587,2.3085450151081,"14938599"
-4.46261040907435,-7.016673983246,"14958021"
16.1067404843153,-10.6642188113931,"150088639"
22.8690550664618,-3.0699481923493,"150200975"
7.82788327743591,12.8298676851336,"15045918"
27.4935658758085,6.22180556303286,"15046635"
11.1486036316352,-17.5515224245863,"15150574"
-28.7835989727799,-2.21635893135801,"15157481"
4.3040422669972,14.8110932609383,"15188612"
-19.3647402766397,15.7998821359566,"151934168"
-11.1694585845598,-9.53871400425771,"1529234226"
-30.3318814645553,-1.47641943312079,"1530064784"
15.4983207410247,1.75585785842712,"15327984"
1.91726455378968,-6.60363084930755,"15338019"
-25.8138904672185,6.82600044951251,"15358348"
0.33976106909605,16.6836175663385,"15388660"
-17.9645736120841,0.990816790756579,"154046719"
-35.6818438014706,-2.83829174329627,"15433622"
-10.2474282435522,9.27996717419253,"154410513"
20.387531095318,1.91505307591417,"1549839012"
-11.1663896764233,5.88063018838298,"156142024"
17.2359047883884,1.19329233115243,"1564978206"
7.93525846041,18.1587712596719,"15652982"
-8.21317870352472,0.642570796203414,"15748275"
-15.2129208318278,-11.1946682574573,"1574895132"
4.43093905356194,-1.15549751202921,"1574947477"
11.4271324986268,8.742436800036,"1576218529"
32.6659950246111,-1.40101298294629,"15770483"
-36.6118300001706,-4.58441670687425,"1580535385"
12.7226508898308,0.25985416304139,"15819092"
-11.6156017119064,-0.739616886922657,"15861221"
-5.94824879821411,-15.1195486144287,"158618726"
-30.9677218064957,-2.33060213570758,"158756964"
29.0038010914824,-11.4041053248117,"15929466"
-20.0951600021241,0.538091416506327,"15932807"
2.4837040844457,9.18450323732761,"15937583"
-37.3097342969786,-2.08137591733973,"1600995199"
-27.6805643057585,2.68772861419328,"160227163"
-3.18190977199765,10.1658286583602,"160535438"
7.11222462790575,-4.10511921836632,"1607654676"
32.9658265562244,7.17422955491885,"1609301790"
10.3901970728021,-0.454214791623706,"1611937782"
13.1075906827805,-8.61455328554814,"1612238378"
-12.3590241262254,14.0902771486784,"16167893"
15.2513627109114,5.96000983208925,"1624202768"
17.1860990782238,-5.31124777992155,"162658982"
-21.4419851166712,-1.78251499823382,"16292761"
30.4729576608702,-12.3375296974189,"16428322"
18.0808035836222,0.871995283203656,"1648831076"
-1.74188118136008,14.0789230804582,"16539754"
-10.1599425948981,12.0255463460959,"16570847"
1.5135916323127,8.43195802881525,"16583009"
11.2297485153559,8.08780860924818,"16591790"
-0.45448321086265,12.957358973285,"16611830"
-9.25134593642697,-14.2789090792099,"1666632181"
1.82236884912898,11.3725279571947,"16673713"
18.7217323317149,-6.45388907030304,"16694523"
-3.59335285234373,7.27681944231636,"16728098"
18.7169939262885,-8.61897992967953,"16741559"
23.4176113874275,16.0694495223803,"16751477"
-8.83171859096681,24.5618837027819,"167908911"
-4.84026621622397,-7.13942032065218,"16804885"
-7.25983087694332,13.3800928470534,"16883821"
-0.684108963621113,-4.81465619592829,"1692295147"
-15.4135817685199,3.40576616680961,"170244875"
-29.9291385359786,-3.43449816915321,"17034301"
-15.4716257160081,-1.73435066051414,"17076895"
-9.65437473736783,-19.1032200516556,"1711073353"
29.9461206828076,-11.2165377015532,"17128658"
26.40929826931,7.74792778059291,"17167972"
-5.21121496489821,6.40607370409816,"17175594"
31.589611549584,1.51442415436051,"17201795"
-10.9430611945172,3.88584918101022,"17224185"
30.6467097763591,-0.912337057627363,"172262369"
18.546546851697,-17.5835994416972,"17266253"
0.282113183427969,16.6948937123373,"1726640160"
23.2700620228873,10.8440215943195,"1726664881"
13.5250536171424,-12.8822030084282,"17284137"
-8.06486687995219,13.986088288631,"1734001"
8.45240746173289,-7.38665502724166,"173424405"
-0.625700369005141,-3.40055620224994,"173430971"
28.2522822282242,-5.95317581286296,"17353083"
4.82642412152199,14.4415816253989,"17353768"
-2.55316505238511,18.8666950874835,"17356969"
25.5688543563071,-11.2759458383364,"174572586"
-6.88739195028562,16.4272024607572,"17480007"
-19.9337412984375,-15.159639147122,"17492561"
16.9774993832012,-14.3833814511192,"17603342"
-31.0971103098607,-2.04039779014271,"176883031"
19.9394528077836,0.0378692518532768,"17721033"
14.7702614805204,-3.6955900713671,"17745383"
16.2522280839389,-17.0391313140313,"17750632"
7.28327767096371,-6.49710387050082,"17844595"
-8.0407382323971,14.2559041745491,"17989072"
-20.4812203390191,-0.0887044966767391,"18105957"
27.7857832322861,-9.50965214210918,"18134138"
-3.22115079448857,2.07402796506949,"18135686"
27.8825147495675,10.1868306952889,"18174210"
-26.7587199429854,9.2478866510069,"1818841"
21.6417106073707,-13.3380047851983,"181909635"
32.2294666537783,-10.5646213900976,"18201787"
31.414415423922,1.15116002886488,"18204149"
10.3921745073274,-11.2928042377773,"18206130"
3.97976198798915,18.6433873708896,"18207788"
16.7878860611403,-9.58163875641572,"18229592"
18.2274197612579,-17.3786412832357,"18251470"
-36.0450013743502,4.26571711012772,"18262382"
2.19729566120473,11.8993556295223,"18262599"
-7.94082145839086,14.1759362468205,"183144705"
25.4738919659886,-2.79610775770721,"18416977"
-24.1852786121402,5.20710204932575,"18474477"
-4.26097221834711,11.2226405486845,"18495657"
8.51679183457498,-11.3712251555549,"1851147889"
22.8812169422415,9.05142284865878,"18573621"
20.7316794403749,8.20071894138525,"18576225"
-5.19467598971784,-0.653598163651165,"1859716932"
-2.30040161724261,11.7945249147185,"18707777"
1.02670270346423,-6.94730128369748,"188548423"
32.2093532475883,-5.14057666955061,"188676325"
31.0251893210752,-8.04769753975812,"189042704"
14.7149994830352,-2.57873515671648,"18997192"
-6.08422140996669,11.4557856827397,"19015987"
-7.00992325831322,-18.9542312705697,"19047502"
15.3948374030036,-2.75441057461001,"190550528"
13.7327776333572,-4.86438120445694,"19123005"
-30.56046042916,4.23877497751158,"1914904513"
14.3049672368379,3.69227105592376,"1921571587"
27.2237792727141,-2.53760191664869,"192723784"
24.5304129712564,-8.64665712930311,"1929860378"
12.4481910687236,-4.3626220703256,"19325469"
8.91919399220972,1.28487747146776,"19377827"
24.4756122892599,-3.49259380575681,"19439016"
25.5201004905715,-6.11411080731841,"194837416"
-0.455597891139956,19.0517136250099,"19513280"
-6.12024142747937,-15.7561956910355,"1956136892"
-6.43043165991926,2.08720223381007,"1961457913"
14.6320091399653,6.88402007741199,"196479133"
33.4538571541604,-7.39713839037069,"196825728"
32.4266621448676,1.24604311354424,"19693884"
5.27470418842566,8.81484234527282,"19693966"
1.68978087944515,11.150584926713,"19730474"
-9.21224052618927,10.9378978672253,"197963530"
17.9501296850692,-5.18358624196643,"198036982"
-6.31087966069164,-18.7813011571778,"198350602"
-36.8316548484774,-1.85015741267383,"198965749"
14.7269935773294,13.9185688090085,"19947604"
22.5953456332449,2.29598957681696,"199629730"
-3.71152391248402,5.97508630529214,"20000639"
-2.36768236639364,8.33151774570759,"20013795"
18.4759991412747,-1.94664990432694,"20037424"
23.821024511719,-12.2409002824544,"20118846"
32.7068464278205,6.96501273157923,"20277941"
-26.9454359265316,1.96205063756418,"203340868"
30.9617327111803,-4.20639982960672,"204465647"
-4.88516794560563,16.832665025522,"20477596"
26.0735096405536,-7.62914158797533,"20489671"
-29.5253026670849,6.31787754637394,"20503"
21.809036021499,-0.690158997538081,"207327608"
-19.9476156578773,8.35599182288535,"20738885"
10.3014458461957,-12.8334093509362,"20742767"
-18.01663786351,-4.6401890382281,"20760036"
24.6851017099238,15.9041519153681,"20762748"
27.1555138503862,0.394003102285272,"20821625"
-13.1693272422256,4.90613570689451,"208256535"
-2.47392007872335,20.162863365904,"209312180"
18.6847253992713,0.827536799925614,"209399021"
-6.0232531215291,1.46545257458603,"210365012"
12.7780180027531,-0.545391290939125,"21059525"
-13.721680012125,15.9794437242861,"21061618"
-9.23568719385925,8.23311427495755,"21087434"
12.6384111868873,3.18771719070838,"21092434"
19.5712116046663,-1.97759253505162,"21174233"
-9.14443330128385,-15.7501437242735,"21178259"
-1.80000085898137,-17.0932856884555,"21260922"
-14.4332351602021,-1.47762942062639,"21328225"
29.2806272831499,13.6258863251331,"21363507"
-19.4264736513307,-6.45341590533991,"2174978828"
-31.6117865442335,9.3795260570409,"2179114005"
-0.145653193852259,-14.4858799229526,"2180224129"
5.22600838237605,22.3601476363299,"21847178"
28.5054957607193,0.981244194469353,"219065164"
-32.5173403372762,1.48288910605628,"219078550"
7.77072767314633,-1.81648805437916,"21931378"
13.7862099242678,-7.55081527565631,"21979091"
2.68765638897596,-7.23938101609296,"22000414"
12.7482113834187,1.96780266674931,"220577562"
-11.7046112210548,2.96380136517911,"220849542"
25.0671672897651,-11.630533215615,"221097490"
18.4227093735991,7.38403812004153,"2218567849"
26.1583686526295,1.58860672526541,"22247910"
-1.56064483062215,-15.4434758379735,"2229257005"
-27.9612241912384,-1.93226355559729,"2233551997"
-0.130749380257189,18.8867046109815,"223504938"
26.5900821706582,-3.52001604309563,"224561190"
-11.2407612682738,10.4222364519269,"22492607"
-3.41999554908109,-0.249128413802559,"224984964"
20.6957248200391,-5.68041072670888,"225296551"
4.12893532265135,-4.97182161343306,"225704106"
-10.0595230644362,-12.5036085211227,"22581600"
27.8652380862613,-4.73344573676157,"226077231"
1.25403963547293,-8.71051701317027,"22731900"
29.2240841965715,4.16208411762092,"22750287"
3.92611162188116,12.2231862203628,"2290280388"
0.23879592204003,-1.65136784095706,"2290312598"
29.5135577478258,-1.2078084491376,"229436060"
-35.6743376818004,-2.02806695409771,"229564414"
5.40386129816279,-5.68141994212344,"2295675888"
-33.8410623914057,-1.45337759030666,"229638179"
10.9363434533239,-0.103759348611095,"2311409328"
-6.48601987656355,17.3404101577832,"231239511"
4.53484802306174,-12.9488151611391,"231564564"
1.80412782070115,-7.55330161399331,"23229867"
-12.3061430309023,-2.7497985379489,"2327513795"
-5.05099318108452,2.66299520672989,"233184782"
12.4650870537388,3.43485172152306,"2336428064"
-12.924028136756,5.25090277430518,"234226460"
7.57497176203892,3.10830104823036,"2343168212"
-22.2989772763692,3.05701539164348,"234639036"
24.166050140728,1.17804855725713,"234884536"
10.4600423614351,-12.9678803451831,"23565903"
-8.63310507993497,-4.98326110551498,"2364499357"
-9.25190568095425,-18.5305098555091,"2364855036"
4.91990038701188,-10.0098212067549,"2366479609"
-19.3851254197913,-4.6117164436532,"23735583"
-0.266895636900546,7.14457829724732,"237905999"
17.432365330352,-12.6521287025775,"2385911"
18.341674502313,-4.06751325357668,"2388307004"
24.5086648574867,3.12607224741094,"2396569663"
3.32936284418784,-14.0698650002141,"239728303"
3.35447095718172,-6.64358849599039,"2397378751"
14.6199945602867,14.0107191134323,"24016742"
-7.7930066013813,1.34716105931293,"240167860"
-30.9353219135168,8.72007728516606,"24103523"
-12.8528906630861,1.29131950184741,"2413996273"
11.1392013249542,6.04350145544324,"241739178"
6.44452826138714,5.93910447861184,"2418330518"
3.0839053393202,-9.25594710320595,"2424320270"
-19.3347179472177,9.24774816522504,"242904917"
-39.4379091515643,-2.93952166979297,"2435967874"
30.0052603241573,-3.15446918722588,"243874904"
31.2497582141781,-6.25219112687352,"2443575204"
5.1079322565342,-2.42424029254357,"2446021638"
9.1063551280141,7.50560815355624,"2446650408"
22.1643139958428,-7.73578603278573,"24491152"
17.8070697550284,-16.9105735676751,"2452211"
27.3097503678137,-3.2824664632989,"24586517"
-15.1449990963455,7.64176541016571,"24588169"
1.27083800251029,-12.0436268732326,"24605515"
-1.33990855096296,9.82417121290186,"2470132844"
26.79226420245,4.98712686272054,"2470450844"
23.5438936346743,16.1190667577066,"2471859036"
-7.09628605483796,-6.64767780574236,"24784552"
29.0481708950565,-1.36741887493024,"2490843720"
12.0703633984222,-2.69601753220794,"2492277644"
-20.7621086262604,-1.54748929956565,"249336220"
-7.57749237194224,15.7216584474856,"2496088364"
0.276415009116918,5.41690708792938,"250328446"
30.2417152453072,0.915523317707015,"25067949"
-14.1954711246253,-2.62812872694851,"2519125616"
1.19095530830625,17.6212110434682,"25249374"
-9.07091563528217,-3.18848852134029,"25256022"
-2.31971240638041,-0.417359669466375,"25259051"
-8.90682137134539,-4.82590567664793,"2529531283"
-7.32423117130062,16.3768973710394,"2539076280"
17.0112686088479,6.10033715558501,"2549227039"
19.4501064975276,-4.32565047999386,"255502866"
35.1841152448596,-3.52299532719767,"25567789"
-18.8938563507527,-2.91029120236741,"2566454377"
32.1992710187257,6.80291925512645,"257170736"
-30.665921702341,2.62405808862485,"2580746851"
-3.13092728369442,-0.932644871172884,"2583039692"
-9.38761419074313,1.24215805374167,"25863464"
7.21728558542524,-12.2819766492322,"259182993"
27.3863605615041,-6.57838192330812,"25970296"
10.8807840644374,-19.2306884944987,"2597476640"
2.31999331663463,15.662036928336,"2598878335"
26.8891867179125,9.62278760659364,"259940723"
22.8187490260267,-1.78904106745853,"2603782453"
26.3365863067518,6.23895832029031,"2604490724"
-8.72536967112293,8.3418808357458,"2604901940"
-11.7476143671451,-4.93946988047991,"2611910322"
21.6105119989837,16.0348513526809,"261611036"
-17.3035409456237,-2.03453004340162,"2616259243"
14.8210459895156,14.2300841877008,"261974816"
16.5139967071611,13.5570054555412,"263048486"
-3.88269678309373,1.05948783514941,"2640061767"
1.51086881446259,6.81329545158137,"26411643"
-11.7854468143169,10.3308073866034,"264397937"
-4.76302693089698,-7.48003166160391,"264478078"
6.61403162205082,3.81548798941651,"26460550"
33.3921185206076,7.58639783591125,"264623962"
-12.930705531974,2.17648530498707,"2647010672"
-20.8183807722649,9.08729947789931,"2649924378"
6.73152696480296,-12.4818507136058,"2655523207"
-16.4243874454308,-7.53350871942253,"2662222731"
-20.6034395254626,6.39486051232984,"2665123013"
17.8155483333879,-14.1434973072985,"26656785"
25.0502976536746,-4.22279980759724,"2678218393"
-6.77160338284186,-12.3946360318833,"268125963"
-35.7681835865447,4.49704404353481,"268457571"
9.49270704406842,17.9502592893447,"26891656"
3.77223210099767,11.2978551901126,"2692163364"
2.75538724183787,-0.291576485944224,"2710997346"
-36.0139838339081,-0.794429999905056,"2724597409"
21.3335300660364,-6.63894679247235,"273152549"
-23.5753143107015,-6.0895186722156,"2732754859"
-15.1292022910861,-3.34658304344355,"273660990"
-25.1400542401496,5.89915700165913,"273912459"
13.7846995299042,-4.54500543783082,"2740849320"
21.8891060953545,3.69309781329896,"2740954608"
21.6075518884297,7.56973084457235,"2741035986"
-26.7102704511723,-0.492834045156721,"274258311"
-23.4496004836766,-1.4946731277719,"2744459353"
30.613292504947,-9.4584778115029,"27528631"
0.273122864281549,13.9091856916748,"27578546"
11.8376406580566,2.38285845090168,"27639211"
24.0432750778185,1.70569589497751,"2765803064"
4.33963571496974,-5.09397159321577,"2765898344"
8.75067626755373,17.861214238918,"277722244"
6.81188318427171,-14.7796524455911,"278013385"
19.7865132086381,-4.29224496452707,"2780261748"
18.7571690679982,2.26295826440704,"2781249420"
17.3515360204482,6.17955260590226,"2787395544"
-11.848079503184,11.0916215186624,"2789464746"
-4.04006811718913,0.171865594833367,"2790784614"
-20.8207710320741,5.93367856878556,"2800429409"
14.6928345460708,0.237141549549494,"2812683571"
28.6274517862535,-8.21923122142379,"281326984"
25.9574383832316,0.346750198520672,"2815624242"
15.433932880507,-6.22173207292517,"281648251"
23.7383682717175,5.51749310834229,"28217332"
23.4520514875606,3.72197535379808,"2832273775"
16.8216545600556,-6.93077129394608,"2841717738"
-19.0543404093552,1.00691823206381,"2843035032"
3.30566148057548,16.7281537356406,"2848240818"
-29.8206588918181,0.0607330247106527,"2851627972"
15.049033522507,2.74742489855768,"2857902194"
17.2599268429012,-14.1757781304656,"28627382"
3.93257407002794,-13.730476251394,"286480462"
-17.8875141561807,-0.49810649916817,"2866050540"
21.2073785477448,4.06663361994342,"28684838"
-10.2027671293324,15.2798718882844,"28686378"
6.51761048744273,-2.87556794876413,"28739480"
12.7890764972244,5.96092463471182,"2874525186"
29.9246989785789,-3.96978017838476,"28768308"
-25.1842825453374,-1.74013212301559,"28770754"
20.3923940086825,-1.5737442654786,"2879000629"
31.5313223068997,-5.8705520096629,"2884863562"
27.111499394417,5.56677115312305,"288630137"
7.62030667309472,-11.9717933355044,"289257096"
-5.2214020543647,16.4612476593608,"28928777"
24.8104592787919,3.80228100323132,"2896049204"
5.60647479888611,17.3910437962979,"2907678602"
13.9746180110193,4.64740291737221,"2907803737"
3.98053105081345,-1.33534259987747,"29225911"
10.8493444144841,10.8100780661901,"292759417"
-10.183562241581,1.42890383639567,"29291964"
-6.66847404663841,-17.648937054701,"2930435888"
22.7406287382091,-4.48382800189696,"293312530"
-16.4605411088001,-3.97925860345193,"293953028"
27.2856177783147,-1.59844593130048,"29406343"
34.8594848142866,-3.64775006450655,"295130433"
-26.5871842586861,-1.96264530621199,"29584161"
3.76019969857009,-7.84863722122406,"29663375"
-31.1423261703077,-1.44387135031425,"2973406683"
16.9670524935214,-8.30971136940994,"2975404860"
7.4159405217589,-6.41706027198079,"297922390"
2.0555739072184,-10.4202687734153,"29818828"
4.55147538772334,2.43643849047473,"29840478"
16.0824208684651,4.69551268922544,"2992865384"
-1.75675380098076,-5.22264709188979,"29956547"
-4.73134752892949,7.91351557374693,"2998089738"
-13.4331051590899,-4.1595034221458,"30053900"
-19.6122146198016,4.42823229801189,"3011707123"
16.6395620095036,12.4903111865872,"3024816888"
-13.3748486977859,-2.67412943224281,"3028744103"
-10.1370088656272,-6.56765576676718,"3035259068"
24.6635201015738,-0.29718005715495,"303709305"
-28.1341014494322,-2.98939170373691,"3038666106"
36.1877723067257,-2.98649007372904,"307044093"
-5.79290011823813,-14.7780478052056,"308293041"
-29.0566677338092,-1.01256489995212,"3096838877"
-4.25789570493527,-3.53587830153485,"3116460956"
23.6103618433384,3.01295092621543,"311850574"
15.3869111975129,-15.3122628847558,"312172484"
-11.6182228734065,-9.03230519686902,"312415078"
-27.6547089437661,4.35275464520866,"3126860279"
-16.6432960880837,8.12254695940172,"3152079223"
2.21375792492996,-10.6797924746251,"31591910"
-8.07986467858949,-8.18164587571321,"3160358934"
15.7360283786915,-2.83814541668906,"316303686"
-13.5086321675028,15.1327757657871,"316378154"
-16.7934841533596,8.63745240567948,"3168325451"
16.9375012628191,-16.4770634764821,"31817243"
21.9900140087143,-6.42287805405161,"3182134224"
5.18725776142079,-9.64219312753432,"318652644"
30.187006570474,-0.382895486320735,"318904285"
-18.537721722514,-7.15864127088886,"3189070548"
-8.7554030262376,-17.846744921814,"3194746867"
2.34122013817259,-2.92290010600102,"3195616518"
-3.28792671541432,-0.683433662172164,"320176393"
-13.7207936920617,0.486380185138471,"3224400223"
19.6299673179108,-3.1311810367538,"322976025"
-12.976589539398,2.07862306580162,"3243291776"
9.3434250305154,-3.93263895552779,"3244591640"
-22.2099644546922,1.23926259428429,"324756237"
-25.309469782204,5.01137386461051,"325817476"
29.0139713556334,-5.77009611302706,"325855980"
-12.8045728893775,-1.98862202311403,"325943527"
-12.2769147738621,1.19346718579582,"3261135252"
24.8916523255981,-6.87502990992948,"32683532"
33.6774084311239,7.83372681289214,"327165626"
32.6173688962248,-6.5469068321596,"3272330208"
-38.3393552542606,-4.42948624681959,"329179614"
7.96364567289744,-0.124542591037269,"3300973626"
-0.75725350965594,-6.59095748562285,"3302334966"
-7.09270149214732,-0.561650071650614,"3306757754"
2.48935141458284,13.4313051728336,"33125243"
-11.7868287594636,1.34333210063975,"3313753214"
0.166489406354286,19.2698354929952,"3313829478"
22.257837248953,-4.88535569762968,"3314676337"
-29.8493456135912,5.27113981760148,"33148054"
5.14527823799919,-14.0127810151726,"331496423"
-39.5565932770085,1.3239167386837,"33178160"
-25.4437266307362,-0.519438441345982,"3320673862"
22.3064989564283,5.43034142713127,"332545809"
27.9661178791758,-7.15781219199914,"3327907772"
-32.2740583228095,-0.667126820608733,"3334828595"
4.53150269205022,-3.83292259229636,"33428682"
-36.8114380612779,-3.77077346913494,"334461893"
-26.4289751969931,-5.41186250351211,"3346807874"
32.5464339371686,-4.81098036220391,"33752742"
14.2033665050812,-8.65418467407781,"337796168"
-18.3998368796329,4.63449620839098,"33788841"
-21.8186501247618,-0.969821948333059,"338400864"
-9.18222418844093,9.15580382034452,"338779501"
-18.8168811267666,-2.85743857614117,"3400371394"
-27.4841542434761,1.82190791150876,"34061730"
20.366149598844,-10.1881142499724,"3412390873"
24.1892605880703,-4.52886718662894,"34150919"
2.67957938693636,1.38936403977791,"341771044"
26.3901833193344,1.57087383617384,"3442587746"
22.8514512253106,6.29436011645013,"34532693"
-37.6335892481897,-3.2112931499764,"34677653"
-3.86894224870136,-10.6282500712513,"348349467"
-9.93599676696848,0.170838605538292,"3504769453"
7.87270686932388,-1.31098139192968,"35135704"
-18.3685907330429,-4.45311822498768,"351500766"
0.199513629588358,9.47265992151807,"351510257"
25.6382670488736,4.48653302107004,"352029771"
1.3979913700553,-8.67676044843386,"35282645"
-4.31276673062502,-5.0129313677673,"35411884"
-2.42454595698053,4.73174360656098,"35420359"
3.40696056612722,14.1396271651136,"35555248"
-9.81182662579401,-13.1281349986632,"355890988"
23.2799857759433,15.9563423495582,"356519184"
-8.28786029334553,8.08225541065813,"3565197674"
19.4403574465949,9.24502428543219,"35667496"
16.3780511457898,14.3524000921056,"356788303"
-9.39923932638438,3.25192504239782,"35692006"
22.762231007016,15.4361849314854,"35734082"
-38.8835489929103,-0.0655214950974685,"357689527"
-15.3308764513465,3.31709160214874,"359188534"
20.2454593694849,1.90370638774034,"3604053793"
15.4283675465057,-4.91078897743449,"361109856"
30.0353049928853,-5.72733325348166,"36256235"
12.4969705535928,-9.26295196490105,"364106332"
-20.0267358684486,8.38176267501076,"366154590"
1.3179010253735,-6.07532199427012,"3677851349"
-36.5069110672825,-5.92435848033809,"368551889"
29.5581172635543,-5.64255279881511,"36888407"
24.0260097637275,-2.86264255044725,"36904661"
25.6359968175919,-12.6579170949545,"369089674"
18.5376595765577,-17.6143148285624,"37279091"
26.5189759189048,-5.9473386566525,"37397635"
14.6903688653655,9.56951964781307,"37402560"
-10.5209908136451,3.43651144220658,"3741276132"
17.587630886561,14.3464722593294,"374207625"
17.166072903069,-3.39761158621123,"374283155"
7.98882927944065,-2.94402709111092,"3755252293"
7.95580447019932,17.8589211913517,"375548276"
3.77031234258501,-6.4468710210786,"376440468"
-3.70642485997542,10.5436688072263,"381418158"
14.9016521582724,6.0275873383056,"3838052303"
-9.68824999246518,-1.89080630998804,"38803426"
1.5845765732393,16.4663245738421,"3895191793"
17.1895170867356,-6.29677819858234,"389943119"
21.310758190951,-2.11872563224965,"391136253"
24.3508128069869,-16.3569866306221,"391341586"
-22.8726588193629,2.13767908500487,"392055035"
-22.1558737477657,10.7776795195166,"392362319"
24.3634724602189,-8.0044091101727,"39641230"
-19.3290484008382,-0.946944756265821,"3964548552"
-15.3082708365476,-4.32787786968722,"3974011"
-19.455493665664,-6.44089949168286,"397469733"
-34.5489351479763,0.57230530400566,"3975299597"
1.0089307373643,2.16017926321556,"39886809"
27.9619815905843,-9.15338947133615,"399529643"
-9.09314903613783,-17.1781665190133,"4052034013"
-13.7773876818319,-6.56511300039815,"406609880"
-6.87030542342762,6.06441819028377,"407048462"
19.1945520440566,-11.4269326793351,"40766692"
-0.985336118361908,-5.92332715758673,"407989337"
2.20402866981629,2.9604627646055,"4100317093"
21.2027040291224,8.879143622399,"4109714718"
-13.6697903846211,-0.601376544050283,"412491979"
-2.2258601726439,4.55082879454991,"41260179"
13.9250182926337,-4.18828678340435,"414458182"
17.1127148426642,-2.58880280111012,"4176856575"
29.8159575116809,-3.62898635932403,"422146514"
26.1698312580534,-11.1128317430151,"422914439"
11.2989508057454,9.15236133735181,"424660228"
-9.49854955259266,14.7872416608235,"43081148"
-35.7844949831525,-4.83638734163372,"43186378"
28.986370401209,-8.63868254600233,"4337960232"
-8.46504336993254,3.44133283801735,"4340411113"
-10.8758622410684,-3.15961767807361,"438444719"
-7.567627755448,10.9658153709907,"438487252"
5.13781993518127,-3.50278292331411,"43850471"
24.8782461592518,-6.43483069275876,"44031284"
-0.510219486374428,12.7955561438003,"4414851"
4.21523127686273,-11.5673307590939,"44245289"
5.42296958637976,8.64009374002807,"444239599"
19.3449809566785,5.617282625613,"44588100"
9.68087331215452,-18.7639754026202,"446518264"
25.1927910969078,-0.472285827247302,"45297295"
14.7596373880159,9.33114072591706,"45449114"
-13.9860384632028,-12.856408213708,"455836497"
26.2066818801468,-6.88226197642372,"456061444"
6.17389779223941,-3.85507207443418,"458185433"
-8.81771021345844,-0.420133761898751,"463663073"
12.0546285111179,-2.17005648932327,"46531626"
18.0370866549185,-3.69117943898634,"467106293"
-37.041672615291,-1.52015094726305,"4675087285"
-7.07990536338099,12.1324544680015,"470811457"
-29.6151530389597,4.57412565761649,"47104940"
12.1910191917511,-2.70360224001008,"47207737"
-1.97273940459278,9.12702129140811,"47242486"
-19.1390635635726,0.108702228118019,"473515472"
7.93833169111772,3.83296571026135,"473698829"
19.4150701885525,9.35367549375472,"4744985474"
3.76662322226075,-5.11273662967662,"47513887"
16.1032112192992,-2.43962273862514,"4760086358"
6.01825702779835,14.0301394149315,"4763701"
-9.79854802180876,-19.3299509352589,"47886347"
-26.1753771144359,-4.2604560950866,"479040098"
18.0149224163119,-1.99667062181223,"479349888"
-1.81220260259796,-4.6270933941162,"4854601521"
13.8693377096566,5.93916473383409,"4856259547"
0.787416683455686,16.7552289577731,"4856629021"
-11.0034028966631,-2.0048475447213,"487819883"
-7.1526941625668,-13.1250635271989,"4891025429"
9.07527922249358,-2.20591840308086,"490003614"
-33.5929104577489,-2.01197751514794,"4911181019"
21.71847910076,-9.06986953053617,"4920801553"
-39.0622406116372,-2.79066164809332,"492463980"
1.15636402796762,0.264856122245891,"492503940"
-21.5120124982401,9.75278355758656,"49316865"
11.6598275441721,-17.5738415381293,"49435594"
-2.02754914608539,6.34040476302821,"49516166"
24.6253578154938,2.99228560298708,"497428673"
2.81629813247618,9.26432752472562,"497723013"
10.46835955297,1.2950723769377,"49942391"
-11.5028037532845,-9.14811165617641,"500594919"
-22.9999374649006,-6.53279375341585,"502404373"
-5.54838569557696,15.8297194809358,"50264379"
1.90011685159881,-5.70275710508907,"50516677"
28.4163623055198,-7.77002144883399,"506632575"
7.42699133723663,-5.43700965612633,"509345763"
3.92010751838165,17.5752540502442,"50943610"
-4.7638910876351,4.07338164786416,"50943883"
-14.6031943082335,16.1181471228247,"509744509"
-35.9798243404394,4.84966988066281,"513351911"
-10.0495173512194,10.1095670524822,"51422426"
23.2340109878626,-0.0738319720459351,"51581031"
13.000254224961,-4.99714406782199,"524809586"
-34.5732525768379,3.58497523765502,"52643258"
16.3118983158936,7.73475811295416,"528911288"
6.63412202736555,11.1942026479346,"52933261"
-34.6635532395012,3.41562759801346,"531549158"
15.7216849588163,-4.51351729272353,"53274513"
0.922649466071911,-12.1136240090208,"53297251"
-15.6835058931232,7.25384448865135,"53546115"
-7.75506976769952,3.36851887369016,"535741011"
-3.05717156263105,-0.0587482199283195,"537820733"
-12.8455103926746,1.93894776913803,"54046833"
-30.3786267167466,-0.701163174160408,"5412972"
-8.65268575234569,-15.4979126546522,"543925082"
-15.4984004162227,7.12587371437918,"54428895"
11.0398954313722,-4.95943051843166,"546606060"
-14.1384012237882,2.20721175329699,"54980136"
-2.44073390628708,20.0913250068127,"55211385"
-19.1617001189635,10.4157144622285,"55309606"
-26.0099750834068,8.87809993693686,"55374931"
-23.5361587724616,2.51063561772459,"5563202"
-6.47517606741222,1.07696647725916,"558167139"
-31.2658677040152,-4.17159316844015,"558460050"
-31.0371731410373,-4.64615579564622,"559966263"
-7.27462804036148,10.0691914448372,"56011314"
-14.404151264169,0.0190928907772702,"56279356"
6.05795481083919,-3.82089183016439,"56434472"
23.3584379643612,10.9479382603345,"56922540"
-28.8257287385554,-3.68596261713195,"569479910"
23.9946497762704,-15.4000115074952,"572424149"
6.47036428179017,11.8806902035346,"5779402"
16.9773714868154,3.7019999116236,"57827467"
-1.68407475651656,-3.90397241684499,"579421602"
13.7530158435411,-1.08608329377006,"581465411"
3.56518888211851,11.8373898756004,"582489901"
32.7889235406035,6.37043308059267,"585203015"
5.59393139329027,17.2084799896287,"58854454"
-31.6702644835886,-2.66376385255152,"589481114"
20.8687417775783,6.1656918572281,"590717291"
-14.143536590112,15.5880246004509,"593602654"
16.2607162910818,7.430085544127,"59367550"
-33.1086959871723,4.43253360530301,"594565502"
1.42822766053498,0.937454550122012,"594920752"
-16.5598026825639,3.24201272533109,"59715745"
-26.2088694330821,-1.28709009877458,"601066170"
-7.74747694009063,-7.42518795456813,"602703078"
0.161687445891693,5.05274707721341,"606161672"
-10.2839794101792,9.21763617920443,"607942467"
10.8773362282724,-18.540246079008,"61125155"
-5.06546898044166,1.93920724219672,"61448184"
11.7036420903425,-16.2888056479511,"61711622"
-36.0728780334465,-2.62257026174553,"61833122"
-15.067116877591,5.3740107123019,"61928324"
23.357567028036,6.12458287334935,"619676408"
23.054314890628,-1.44374906675085,"623372948"
13.912263313876,-2.04629067437115,"6299722"
1.50293978167858,18.5282441382833,"63035222"
-39.6691339508366,1.41870367197684,"63106543"
16.018957007688,-4.64232991931661,"633596200"
11.8048820799904,4.25258083018199,"634330179"
-28.0398379171852,-0.433033612335328,"634644684"
-6.99646294271853,15.0117079211082,"636018004"
-31.8158772882336,9.85690902042396,"63901070"
28.2724024503452,-12.1995272448912,"65204691"
16.3047142826613,14.7696813945507,"65316869"
4.65501393115186,2.76908985437079,"65482185"
-6.7605285428286,-4.24964527471003,"65544902"
-26.1496699867692,8.98826333901563,"661403"
-6.16799387927255,14.0999474992521,"66895067"
-19.9747163420828,-15.2487502781238,"66993"
-24.8468346945401,-11.2675578074138,"67290711"
4.21101472054034,-7.03854388330951,"68111443"
-6.85231134192156,9.57783362922047,"69190199"
-1.21110863651797,-14.280298184971,"69238248"
-30.789252730048,8.59395722406647,"693273"
4.29176887391042,0.00121207736520741,"701497444333277185"
11.323540303409,-7.3092866175679,"703035906530217984"
-18.6842089197526,0.308510543478757,"706179548824494080"
19.6196966294207,3.5544091915573,"70651912"
0.374548109720169,-4.22562266109026,"706600485222948866"
2.10337634545566,0.165538161453038,"706962334002978816"
15.593501788516,13.4759602545896,"711468913"
-10.4109956063245,-2.47083861655914,"711690492"
-34.8822224318421,0.167918171379665,"712598138901643264"
-18.3165110103601,-10.4808305394434,"7149342"
-9.61073576134722,-14.6435930684214,"715058377"
19.9094009798647,5.91694454344779,"7161502"
13.2369224762128,2.82514342315322,"716356146496278528"
-10.8640274802944,1.96044994157786,"719900887"
0.913978549779954,1.89019215668613,"722582924369874944"
13.948897243648,-5.58346911858724,"725374034"
-33.7722579922541,-0.538467053822147,"725643611069538304"
18.7409458755419,6.00043449844789,"729498254195314688"
15.9504452636063,-15.4600291815739,"730137269588217856"
-12.0228839139406,1.07765674782342,"730352066"
7.96568659032005,5.62058723020305,"730850751854092290"
-10.3873920765428,-6.73078664317,"730919378045173761"
7.8224082985323,-10.9856596778619,"731054596802510848"
-7.04089379921076,10.1508084103879,"7313482"
21.6083972055198,-2.61289930693431,"73285427"
-0.334438426841004,8.86104806998792,"73323539"
-35.2575364581258,-4.36660645709995,"734578981954031616"
24.8917181202272,1.55554895011001,"734585749"
12.0373570190343,-19.4372731825762,"73483"
3.65882902538139,-2.87459488649997,"735912030"
6.3139950492971,-8.65535612215111,"736485228"
-7.49067835134056,16.4766960437152,"737554932492967937"
9.13217389717303,-2.4696167903199,"737760080"
-7.01710495853694,11.8275911503565,"739328855496761344"
28.6207025638592,-11.8926894577697,"742096901760114689"
22.0500614503685,-7.31885679488958,"742191368794046466"
4.33992614460315,-10.264020846345,"74363532"
-31.7958154859932,-0.115041939026052,"743782149589917698"
-12.057550360861,-8.63073129827077,"748004768"
-32.8908294134104,-1.47697084187139,"74860873"
12.5923157980088,1.47819375784542,"748786913440468993"
-10.7025418054534,0.284917056081293,"752340906"
4.21601528804276,-0.572851430530736,"754986065287483392"
19.9159139524945,5.6298636239528,"755861204"
2.19459212547073,16.2495558593959,"75734047"
8.51866989832386,0.499884054707395,"757385125604667392"
-10.699441765413,-1.00827879870523,"757916940"
-22.9305066668923,-0.682201804667418,"758553995447242752"
-3.89341650946792,-10.5973618168197,"75988677"
5.22326312155988,22.344534234308,"759902954371461122"
-0.661480200789356,2.20127574744101,"762100968494247937"
3.07446213815251,6.12004711452589,"762300"
14.2087779714927,2.35387322540542,"764698304030531584"
9.76051861164945,-11.3643041840403,"766365"
24.6216560639348,8.43305996034734,"76864662"
2.21161273134084,3.34800756051953,"769769229729923072"
10.2397920341694,-5.65944513136344,"771205072675942401"
-26.3537343518802,6.74283371375223,"771535644984094721"
-13.4262095864684,1.86322712057724,"77615176"
17.3800877276815,-8.76733128712558,"782895752"
-32.4896996012886,-1.23652991511422,"785423243876327424"
26.7420738635806,9.50737066563617,"78566690"
-4.42958744378162,-3.28807130344008,"7859112"
4.42311380389252,-12.7005287128217,"788153420297285632"
27.7358196814818,-8.15730568455901,"79072033"
-28.9514167725513,1.13190195461563,"791033804269973509"
-15.2280986926312,-11.2171012983097,"793246524780216320"
8.99576551464541,7.52755621230461,"795187141756100609"
-24.3289056563989,3.15260050745407,"795380617919733766"
-15.6227865996213,-5.21873912505098,"796806627647066112"
13.4617417842586,4.6582264433664,"799161002927353857"
27.2346215777336,4.19065211414907,"799878880152592385"
-29.6751854225284,-2.88371205116307,"800447204020219904"
5.57417375293154,-0.877441535105595,"800810986009526272"
-36.7035294862538,-0.301467436031303,"80428539"
18.4842668701878,6.75515052593025,"805323073616429056"
18.8068915067227,-4.28134662139799,"805946533401141248"
28.8831794163456,-7.03151191473407,"805950542283304965"
-0.705411285919333,-2.15788065756981,"807017491163557889"
-0.524021710813099,12.0314046935433,"8077672"
-12.4720976177759,14.2584433124193,"80798925"
-16.2412350401292,-0.458078767945206,"808783204270256128"
-13.3532876724271,1.25193752099103,"810129767299215360"
14.0583858023551,7.50657085585869,"822481213"
11.1206422785849,-4.86788722224609,"824158451454607361"
-13.6382320251016,-12.7214516727011,"824830929654935552"
-11.384970663795,-4.50121080546924,"824861100101341184"
-30.5834892730823,-0.692508598548491,"825174604423557120"
4.76715207916068,-6.29383532532417,"825469435892871168"
-16.9740269559084,1.72872974224397,"828226033581223938"
-15.3494992487933,-1.71701376027638,"83260346"
-0.427790414034019,-0.202803920373707,"835608507311255552"
-21.5315310728913,0.455807585599487,"83593833"
16.5916985543364,2.97398554505089,"837401636712566785"
19.6255696435097,-11.3504490566431,"839384553407930368"
-8.07237805359687,-17.8175415960303,"839590144378187777"
-13.3061786579683,15.3792266093495,"84018435"
-6.87288068405427,2.17146553709997,"843441648"
4.67007142489241,2.83741215261904,"844377336082419713"
-21.3326781407979,6.75197470357162,"84561142"
-24.1306998729772,2.74148029388956,"848967542"
-7.49623699930799,-1.94449425508514,"848999952999038976"
-19.6749405544898,-1.5715398925641,"849865378163339265"
-11.4408762583846,0.504338871981753,"850580920092381185"
-4.07461446601392,0.731723367675722,"852071354689961984"
-16.3049281986663,1.27632772071735,"852338973393289216"
-21.6673643290526,1.31736155916347,"854982482273468416"
-12.6792263102366,3.59186750223439,"8554682"
8.63322218604821,1.02841617236718,"857347689213603840"
24.416019935782,-16.4483155502566,"85743765"
-5.15370629258163,0.47989951377775,"859326944"
-5.63102307818576,-7.08541332689438,"85955850"
-7.35340611031264,-13.1771044757346,"859579562149027841"
7.63295245798904,17.8008304112297,"859911392576405509"
-11.2906232880747,1.21946561661455,"862532191"
-15.5888307695032,-4.3705095320826,"862625536475934720"
-37.0051961837272,-2.0186035594501,"862642152"
3.0472733371962,7.42666022817083,"8631982"
-19.3597260434067,15.7951745054628,"864995845673897984"
9.44913793069466,-18.7582423110025,"865700851221790720"
18.0437793715452,-1.18455198997053,"866526567891050498"
5.57282549303525,-12.7364324141879,"867817525433835521"
-31.5530585859722,-0.5109983136894,"869096568271589376"
-1.51646910381842,-7.77652689873188,"870636869876187136"
-5.91144365010874,-0.337069890683408,"871269144"
-16.8720342868266,-19.8757271099503,"87606674"
18.031822851044,-3.79507533353234,"878000666018406400"
-33.3335738950827,-1.68931214894821,"878034803026673668"
26.0877986004103,5.60220637970283,"879500310"
-1.0272425599675,-14.5291584516648,"879770323968602112"
14.7861168734204,1.18450012678406,"880341040917499904"
-34.6159792823012,-2.25059414404903,"880492010301423618"
13.5597483579865,-7.65629950399492,"881200310538170369"
13.5100170360311,10.799925467452,"88165272"
10.6715207348361,-20.228276898708,"882063431787888641"
-33.4286428959712,-2.91594785419282,"884253117251858432"
-37.4955811385688,-2.634537968729,"884598456215646208"
-22.3688802684427,10.8299300293221,"885514115644407808"
9.33255523943969,2.99531315366234,"886517374198792193"
-6.13239798247898,-2.09007248043648,"886678369928187904"
18.181825969534,4.19840910808739,"887771401"
1.65445839207727,-1.94479790917684,"88795213"
-11.2935018502175,2.33687844345537,"888511716933345280"
-12.5674968443654,2.35210791284259,"888516643776634880"
-29.7813700328907,-0.594473389434761,"88954020"
-30.4475923167016,3.62641394895518,"88977722"
-0.221565927451514,1.51512630239402,"895040877336199169"
24.2413715395899,-1.16670400243793,"895160194086428672"
4.86165434813027,14.7888939009183,"898691"
2.7055420976456,1.55600341603451,"899054803"
-19.8129390204243,-0.165347647181484,"899411252937666560"
-14.2607114405929,2.59206516070325,"900032794323288064"
2.19179211849429,-12.5694061633979,"900796207987007489"
-31.9671330707993,10.1451338122873,"90120525"
-0.4164610053317,-5.89753159142679,"901230103555735557"
14.7167975052042,3.48293204461671,"901996666198175744"
5.20325983364955,8.91787584704957,"90317262"
11.6713488562982,-16.1457153447672,"90392849"
-32.1638390858121,-2.60755681791462,"903976497953767424"
13.4779600689215,0.0219600496495262,"904110102591938560"
-35.5917134446409,3.00517754386567,"904220789859373056"
-30.7350343506886,-0.233668770916558,"906799779778318336"
12.4556914272535,-9.8431533723921,"907411010780143616"
0.351605455669183,0.255732008854624,"909296851022602240"
-9.16839567022729,-2.99540963812938,"909681612698279936"
-1.19399085444292,-2.37189698906825,"914671564607672320"
18.8729393136599,-6.41192831548856,"91479243"
-9.26033422793024,-18.5570146509729,"915312823655211008"
-6.80951100780739,-4.2101190046935,"915746918336053248"
5.44467282730728,-10.6685805668546,"91747771"
25.8515132611688,3.60796367621,"917633552681857024"
-24.7710975017773,1.90148058548874,"91808386"
0.352495153561718,-0.360805397675036,"918286673414197248"
-30.1996721523843,0.990293724641155,"91975097"
30.4448646243623,0.166392901068361,"92184482"
-1.94354447860681,-16.5136019409839,"922302445979500546"
1.66625840854117,-3.95820069682602,"922649970192236550"
2.81841235598369,-4.10179835903753,"923720796454862850"
20.7309710518983,-5.82304617506895,"924307956"
1.09891790719989,19.3333582952939,"92475907"
-21.9988939566503,-3.3320095715966,"925399790506184705"
-8.49837369623449,-15.2213745372958,"930601409988386817"
-18.6794712578109,2.58195252306084,"931592333757267968"
-13.4378968344228,16.5724321550547,"933407928006176768"
-13.9876398806208,1.63668781116822,"934271621866471425"
4.83534350553314,21.6232696902144,"9372442"
-1.82346258196469,-2.26270590899978,"938156947173285893"
-21.7689189777734,-0.0329443045180127,"938849145204494336"
16.7355135006254,4.64932419051289,"938963693022277632"
29.1373106280288,12.9844021660797,"939036090790436864"
-7.99487684542705,-12.5147943398012,"939272129836707840"
15.1276750999258,3.89747398746464,"940707352977686528"
-9.52502041982338,-14.7859963465089,"941076980375547904"
-21.8049968965759,3.18339478901392,"941114852893974529"
26.8081289436234,-3.97747363138603,"94421127"
-19.3400935402313,3.23483595196127,"951167080170221570"
19.9723982436056,-9.78720565437706,"956775773305630721"
-8.65296802053851,0.972079704683911,"956798261406285824"
-19.2320644763388,10.2004359451221,"965125447"
-8.14205873368804,-2.33059648787441,"965203200"
-31.9587899483904,7.6784552870695,"967384485925982208"
-19.9856549076126,5.47363954212333,"968389179653619712"
24.716141571181,8.82734455085706,"96954044"
-26.2705684357779,-3.9834060636177,"97058402"
-13.6972248253047,-6.12347081055113,"970807516350234624"
-4.53480826578629,-1.91279930261834,"971727302051713026"
-3.89628087708137,-10.6350846075051,"973803194185904129"
-35.2165272825931,-3.34869911581487,"973955318987210752"
-14.8852886081313,-12.0070194554464,"975399144113278976"
-21.4873364717049,-2.78954428891436,"976221724126531584"
17.2124390969731,1.37808210998353,"977351962558578690"
18.6228518010288,11.0777826551907,"97769756"
-22.9526455908538,11.0304507715034,"978367711951687681"
17.5178403619301,8.45610801188206,"979198975"
22.0072326023893,-6.73677498521009,"97940269"
-7.47866098462871,-0.797577672220495,"981091350203400192"
-7.89750186253505,5.86003671758532,"98171356"
30.3144378528686,-7.52090975191658,"984947989872394240"
16.1712981088862,1.4026834339974,"985326534415167488"
-10.0810426325307,-12.2581218436069,"986885688342671360"
5.79454675255139,0.776186028463625,"988329757258407936"
-13.4608847310981,-3.13419060890797,"988377745427181569"
-21.3216139332792,-3.13110101366137,"993732315766456320"
-24.4938998877358,1.72730356089553,"993858996267290624"
24.8568463320945,7.52499838204398,"994342215055884288"
-38.0144767964877,-1.51773474416513,"9961182"
0.47952133021603,-4.69627105131669,"996160763831107586"
-15.9603923866323,1.36131323412203,"996934423957377025"
-33.38684339762,0.0752118336012676,"998675667838488576"
